CaseID,MaxWallThickness_mm
1,9.207571344045336
1001035,8.33831230741198
2,5.270118559643307
