,AAo max area (mm2),AAo min area (mm2),DAo max area (mm2),DAo min area (mm2)
1,1135.6459293365479,1067.958423614502,634.2569980621338,589.1319942474365
1001035,960.1598033905029,902.5000762939453,559.0486583709717,506.4028205871582
2,807.2361793518066,752.0833969116211,453.7569828033447,413.6458683013916
